Symbol,Price,Type,Strike,"Exp Date",DTE,Bid,Midpoint,Ask,Last,Volume,"Open Int",Vol/OI,IV,Time
IWM,136.33,Put,102.00,09/18/20,142,2.68,2.71,2.73,2.60,15000,107,140.19,45.42%,"15:43 ET"
SPY,294.54,Put,294.00,05/01/20,2,2.83,2.85,2.87,2.83,23385,209,111.89,32.54%,"16:11 ET"
SPY,294.54,Put,293.00,04/29/20,0,0.20,0.21,0.21,0.27,108852,976,111.53,0.00%,"16:11 ET"
SPY,294.54,Put,292.00,04/29/20,0,0.08,0.08,0.09,0.10,133631,1268,105.39,0.00%,"16:11 ET"
XLF,23.51,Call,27.00,09/18/20,142,0.60,0.61,0.61,0.60,52037,515,101.04,28.55%,"16:04 ET"
EEM,37.47,Put,34.00,07/17/20,79,0.93,0.95,0.97,1.00,10008,100,100.08,35.56%,"15:10 ET"
SPY,294.54,Put,294.00,04/29/20,0,0.60,0.62,0.64,0.80,77637,887,87.53,0.00%,"16:11 ET"
GLD,161.68,Put,130.00,03/19/21,324,2.35,2.48,2.61,2.66,10002,139,71.96,24.01%,"11:50 ET"
SPY,294.54,Put,292.50,05/01/20,2,2.07,2.09,2.10,2.15,11465,165,69.48,32.71%,"16:11 ET"
EFA,57.94,Call,58.00,05/29/20,30,1.41,1.44,1.48,1.40,10858,157,69.16,21.15%,"14:54 ET"
SPY,294.54,Put,291.00,05/04/20,5,2.39,2.41,2.43,2.39,10519,158,66.58,27.13%,"16:11 ET"
IWM,136.33,Put,122.00,09/18/20,142,6.67,6.71,6.74,6.54,15002,232,64.66,39.09%,"15:52 ET"
SPY,294.54,Put,295.00,04/29/20,0,1.69,1.71,1.72,1.66,24905,411,60.6,0.00%,"16:11 ET"
XLY,117.82,Put,115.00,05/15/20,16,1.92,1.96,2.00,1.98,8354,164,50.94,32.41%,"16:02 ET"
SPY,294.54,Put,293.00,05/01/20,2,2.27,2.29,2.30,2.37,48395,1060,45.66,32.74%,"16:11 ET"
XLE,38.85,Put,35.00,05/08/20,9,0.26,0.27,0.28,0.26,21256,503,42.26,61.81%,"15:47 ET"
VXX,36.53,Put,35.00,07/17/20,79,5.30,5.35,5.40,5.35,95256,2587,36.82,92.86%,"15:51 ET"
IWM,136.33,Call,154.00,06/19/20,51,0.79,0.8,0.82,0.92,16173,463,34.93,28.28%,"16:02 ET"
IWM,136.33,Put,135.00,05/01/20,2,1.86,1.88,1.90,1.94,4420,143,30.91,59.50%,"16:12 ET"
VXX,36.53,Put,34.50,05/01/20,2,0.24,0.25,0.25,0.24,9550,337,28.34,86.53%,"16:02 ET"
HYG,80.22,Put,78.50,05/08/20,9,0.61,0.64,0.67,0.59,3104,122,25.44,25.02%,"16:00 ET"
XLE,38.85,Call,39.00,05/29/20,30,1.97,2.02,2.06,1.82,3150,127,24.8,42.52%,"15:21 ET"
IWM,136.33,Call,155.00,05/29/20,30,0.24,0.25,0.26,0.25,3196,131,24.4,27.86%,"16:08 ET"
IWM,136.33,Put,132.00,05/01/20,2,0.89,0.91,0.92,0.93,3757,160,23.48,60.76%,"16:12 ET"
SPY,294.54,Put,294.00,05/04/20,5,3.57,3.6,3.63,3.60,2771,120,23.09,26.30%,"16:11 ET"
SPY,294.54,Put,295.00,05/01/20,2,3.35,3.37,3.39,3.33,23697,1059,22.38,32.15%,"16:11 ET"
LQD,130.08,Call,125.00,05/15/20,16,4.90,5.05,5.20,5.21,2501,114,21.94,12.88%,"13:21 ET"
SPY,294.54,Put,297.00,04/29/20,0,3.65,3.69,3.72,3.65,3350,155,21.61,0.00%,"16:11 ET"
IWM,136.33,Put,131.00,05/01/20,2,0.68,0.69,0.70,0.75,11780,586,20.1,62.78%,"16:11 ET"
SPY,294.54,Put,297.00,05/01/20,2,4.63,4.67,4.70,4.60,3191,165,19.34,32.61%,"16:11 ET"
IWM,136.33,Put,127.00,06/19/20,51,4.36,4.38,4.40,4.30,12298,649,18.95,41.20%,"16:06 ET"
SPY,294.54,Put,290.00,05/01/20,2,1.37,1.38,1.38,1.37,135376,7254,18.66,34.15%,"16:11 ET"
VXX,36.53,Put,31.00,07/17/20,79,3.15,3.2,3.25,3.25,5098,284,17.95,90.34%,"15:55 ET"
SPY,294.54,Put,292.00,05/01/20,2,1.89,1.9,1.92,1.97,31196,1780,17.53,33.00%,"16:11 ET"
IWM,136.33,Put,136.00,06/19/20,51,7.60,7.63,7.65,7.80,2005,115,17.43,38.92%,"16:11 ET"
QQQ,219.76,Put,219.00,05/01/20,2,2.56,2.58,2.60,2.63,3338,194,17.21,43.32%,"16:07 ET"
IWM,136.33,Put,106.00,12/18/20,233,5.10,5.19,5.27,5.56,1812,106,17.09,43.64%,"10:27 ET"
GLD,161.68,Call,200.00,12/18/20,233,3.20,3.25,3.30,2.97,3679,217,16.95,25.47%,"14:13 ET"
XLF,23.51,Put,24.00,05/08/20,9,0.75,0.77,0.78,0.75,5147,306,16.82,34.30%,"14:52 ET"
SPY,294.54,Put,291.00,05/01/20,2,1.58,1.59,1.59,1.63,30974,1881,16.47,33.36%,"16:11 ET"
SPY,294.54,Put,270.00,05/20/20,21,2.30,2.32,2.34,2.33,16112,979,16.46,37.65%,"16:08 ET"
TZA,29.48,Call,35.00,05/08/20,9,1.02,1.08,1.14,1.03,3279,203,16.15,144.87%,"16:14 ET"
EWJ,53.38,Call,55.00,06/19/20,51,0.75,0.78,0.80,0.75,3622,226,16.03,17.16%,"15:31 ET"
SPY,294.54,Call,306.00,05/13/20,14,1.00,1.02,1.03,1.04,5162,326,15.83,20.59%,"16:10 ET"
SHY,86.65,Put,87.00,09/17/21,506,1.05,1.43,1.80,1.42,2091,136,15.38,4.73%,"14:36 ET"
SPY,294.54,Put,291.00,05/29/20,30,7.77,7.8,7.83,7.45,4946,322,15.36,26.88%,"15:39 ET"
VXX,36.53,Put,29.00,07/17/20,79,2.32,2.35,2.38,2.39,5183,340,15.24,88.98%,"14:28 ET"
ERX,16.57,Put,10.00,01/21/22,632,2.45,2.78,3.10,3.00,2082,144,14.46,90.19%,"15:55 ET"
XLK,92.06,Call,93.00,05/01/20,2,0.80,0.83,0.85,0.83,3152,220,14.33,45.88%,"16:03 ET"
XLU,58.94,Put,59.00,05/01/20,2,0.38,0.4,0.41,0.38,1504,105,14.32,25.96%,"15:18 ET"
SPY,294.54,Put,282.00,05/06/20,7,1.28,1.3,1.31,1.28,10525,752,14,32.94%,"16:11 ET"
SPY,294.54,Put,294.00,05/08/20,9,5.13,5.15,5.18,5.14,4925,356,13.83,28.07%,"16:11 ET"
UVXY,39.86,Call,40.00,05/08/20,9,3.35,3.45,3.55,3.40,1875,136,13.79,136.38%,"16:14 ET"
AMLP,5.22,Call,6.00,06/19/20,51,0.10,0.15,0.20,0.17,1515,114,13.29,54.63%,"16:05 ET"
SPY,294.54,Call,310.00,08/21/20,114,8.71,8.75,8.78,9.26,7884,604,13.05,23.20%,"15:53 ET"
IWM,136.33,Call,142.00,07/17/20,79,5.08,5.15,5.22,5.14,8152,674,12.09,29.75%,"16:10 ET"
VNQ,77.29,Put,75.00,09/18/20,142,5.60,5.75,5.90,5.77,16011,1328,12.06,37.34%,"15:42 ET"
IWM,136.33,Put,116.00,06/30/20,62,2.49,2.54,2.59,2.33,1506,131,11.5,43.93%,"15:25 ET"
SHY,86.65,Put,86.00,09/17/21,506,0.35,0.73,1.10,0.72,1506,132,11.41,3.83%,"14:36 ET"
LQD,130.08,Call,131.00,05/15/20,16,0.60,0.65,0.70,0.62,3570,313,11.41,9.20%,"16:12 ET"
SPY,294.54,Call,293.00,05/27/20,28,8.47,8.5,8.54,9.28,3052,268,11.39,26.68%,"16:01 ET"
SPY,294.54,Put,290.00,05/26/20,27,6.90,6.93,6.96,6.89,3749,331,11.33,27.93%,"16:11 ET"
SPY,294.54,Put,230.00,05/29/20,30,0.64,0.65,0.65,0.65,26948,2383,11.31,50.01%,"16:11 ET"
XHB,37.68,Call,37.00,05/15/20,16,1.63,1.67,1.71,1.70,4646,411,11.3,43.36%,"16:02 ET"
SPY,294.54,Call,306.00,05/06/20,7,0.32,0.33,0.34,0.33,10750,955,11.26,20.83%,"16:11 ET"
EFA,57.94,Put,56.00,05/15/20,16,0.49,0.51,0.52,0.51,33547,3049,11,26.43%,"15:55 ET"
SPY,294.54,Call,308.00,05/06/20,7,0.19,0.2,0.20,0.18,11539,1060,10.89,20.43%,"16:11 ET"
TQQQ,70.18,Put,70.00,05/08/20,9,3.95,4,4.05,3.99,1773,163,10.88,93.24%,"15:56 ET"
IWM,136.33,Call,150.00,05/29/20,30,0.68,0.69,0.70,0.66,2170,205,10.59,28.47%,"16:09 ET"
GLD,161.68,Call,200.00,07/17/20,79,0.64,0.65,0.66,0.65,2046,195,10.49,29.34%,"16:07 ET"
IWM,136.33,Put,130.50,05/01/20,2,0.59,0.6,0.61,0.58,3295,314,10.49,60.26%,"15:31 ET"
GDX,34.01,Call,36.00,05/29/20,30,1.08,1.15,1.21,1.20,1181,113,10.45,51.68%,"16:05 ET"
SPY,294.54,Put,289.00,11/20/20,205,23.48,23.72,23.95,24.03,2661,256,10.39,31.56%,"10:57 ET"
SPY,294.54,Put,298.00,05/01/20,2,5.38,5.41,5.44,5.18,2398,231,10.38,31.08%,"16:06 ET"
EEM,37.47,Call,37.50,05/01/20,2,0.32,0.33,0.34,0.29,3030,293,10.34,29.59%,"15:26 ET"
SPY,294.54,Put,280.00,05/06/20,7,1.00,1.02,1.03,1.04,16799,1653,10.16,33.95%,"16:11 ET"
EEM,37.47,Call,37.00,07/17/20,79,2.09,2.13,2.17,2.06,10007,993,10.08,25.97%,"13:19 ET"
GLD,161.68,Put,150.00,05/08/20,9,0.11,0.12,0.13,0.10,3170,323,9.81,26.85%,"15:55 ET"
IWM,136.33,Call,136.00,07/17/20,79,8.24,8.3,8.36,8.70,1122,117,9.59,33.99%,"16:04 ET"
SPY,294.54,Put,278.00,05/04/20,5,0.36,0.37,0.38,0.32,13440,1416,9.49,32.07%,"16:05 ET"
QQQ,219.76,Put,219.00,05/08/20,9,4.18,4.21,4.24,4.30,1569,166,9.45,32.78%,"16:07 ET"
SPY,294.54,Put,273.00,05/06/20,7,0.48,0.49,0.49,0.46,2391,257,9.3,36.68%,"15:59 ET"
QQQ,219.76,Put,216.00,05/08/20,9,3.12,3.14,3.16,3.03,3721,410,9.08,33.23%,"16:05 ET"
SPY,294.54,Put,295.00,05/04/20,5,4.07,4.11,4.14,4.04,2239,247,9.06,25.66%,"16:11 ET"
XOP,53.6,Call,55.00,05/15/20,16,2.15,2.17,2.19,2.10,1768,199,8.88,59.97%,"16:04 ET"
VXX,36.53,Call,36.00,05/01/20,2,1.32,1.34,1.36,1.32,1481,170,8.71,99.21%,"16:01 ET"
XLE,38.85,Call,39.00,05/08/20,9,1.09,1.11,1.12,1.09,869,100,8.69,48.11%,"16:00 ET"
SPY,294.54,Call,293.00,04/29/20,0,0.60,0.62,0.64,0.65,84345,9709,8.69,0.00%,"16:11 ET"
SPY,294.54,Put,281.00,05/22/20,23,4.32,4.35,4.37,4.12,2906,335,8.67,32.18%,"15:45 ET"
EWZ,25.97,Put,25.00,06/30/20,62,2.00,2.04,2.07,2.05,961,111,8.66,59.98%,"16:04 ET"
IWM,136.33,Call,140.00,05/08/20,9,1.54,1.57,1.59,1.45,48837,5728,8.53,35.31%,"16:12 ET"
QQQ,219.76,Put,152.00,08/21/20,114,1.84,1.86,1.88,1.83,1010,119,8.49,47.83%,"15:23 ET"
IWM,136.33,Put,130.00,05/01/20,2,0.51,0.52,0.53,0.54,24588,2899,8.48,62.22%,"16:12 ET"
XLE,38.85,Call,40.00,05/15/20,16,0.99,1.01,1.02,1.01,22833,2720,8.39,46.20%,"16:02 ET"
XLC,50.94,Call,54.00,06/19/20,51,0.70,0.75,0.80,0.76,1039,125,8.31,24.20%,"15:01 ET"
SQQQ,11.49,Put,10.00,05/08/20,9,0.05,0.08,0.10,0.10,1064,128,8.31,82.82%,"15:56 ET"
SPY,294.54,Call,293.00,05/06/20,7,4.26,4.29,4.32,4.32,6752,814,8.29,23.31%,"16:11 ET"
TNA,25.74,Call,26.00,05/01/20,2,0.78,0.81,0.84,0.84,1162,143,8.13,139.08%,"16:13 ET"
XBI,96.33,Put,95.00,05/08/20,9,1.75,1.83,1.91,1.70,2023,251,8.06,38.79%,"15:08 ET"
SPY,294.54,Call,290.00,05/26/20,27,10.17,10.22,10.26,10.21,3533,439,8.05,25.01%,"16:11 ET"
VXX,36.53,Call,37.00,05/01/20,2,0.89,0.9,0.91,0.89,2020,257,7.86,104.18%,"16:01 ET"
QQQ,219.76,Put,172.50,05/29/20,30,0.49,0.5,0.51,0.50,2000,259,7.72,49.42%,"10:19 ET"
SPY,294.54,Call,363.00,07/17/20,79,0.11,0.12,0.13,0.12,830,108,7.69,19.74%,"14:43 ET"
IWM,136.33,Put,132.00,05/08/20,9,2.19,2.22,2.24,2.23,2084,271,7.69,46.46%,"16:11 ET"
IWM,136.33,Put,101.00,12/18/20,233,4.16,4.23,4.29,4.09,10000,1300,7.69,43.01%,"16:03 ET"
SPY,294.54,Call,307.00,05/04/20,5,0.10,0.11,0.11,0.10,1809,237,7.63,20.40%,"16:11 ET"
TQQQ,70.18,Call,72.00,05/08/20,9,3.10,3.15,3.20,3.15,1769,233,7.59,89.57%,"15:56 ET"
SPY,294.54,Put,293.00,05/08/20,9,4.70,4.73,4.76,4.75,3552,468,7.59,28.62%,"16:11 ET"
EWW,30.26,Put,28.00,05/08/20,9,0.13,0.16,0.18,0.16,914,121,7.55,46.80%,"13:15 ET"
IWM,136.33,Put,127.00,05/08/20,9,1.04,1.06,1.07,1.09,2481,330,7.52,49.91%,"16:11 ET"
QQQ,219.76,Put,217.00,05/01/20,2,1.82,1.84,1.85,1.86,8968,1195,7.5,44.79%,"16:07 ET"
SPY,294.54,Call,285.00,05/29/20,30,14.47,14.5,14.54,14.86,5236,702,7.46,28.80%,"16:05 ET"
UVXY,39.86,Call,40.00,05/01/20,2,1.80,1.83,1.85,1.80,2703,368,7.35,153.68%,"16:15 ET"
IWM,136.33,Put,133.00,05/15/20,16,3.33,3.34,3.36,3.42,3673,504,7.29,42.50%,"16:12 ET"
SPY,294.54,Call,297.00,07/17/20,79,12.22,12.26,12.30,12.29,11624,1595,7.29,24.46%,"16:10 ET"
SPY,294.54,Put,225.00,05/29/20,30,0.52,0.53,0.53,0.54,15414,2117,7.28,51.90%,"16:10 ET"
UPRO,39.53,Call,41.00,05/01/20,2,0.20,0.25,0.30,0.40,874,122,7.16,87.02%,"15:55 ET"
SPY,294.54,Put,290.00,05/04/20,5,2.10,2.11,2.12,2.09,6959,979,7.11,27.60%,"16:11 ET"
IWM,136.33,Put,128.00,05/01/20,2,0.28,0.29,0.30,0.31,7602,1079,7.05,64.40%,"16:12 ET"
SMH,139.24,Put,132.00,05/15/20,16,2.02,2.07,2.11,1.96,1634,233,7.01,41.08%,"15:59 ET"
SPY,294.54,Put,285.00,05/04/20,5,1.04,1.05,1.05,1.05,9972,1423,7.01,30.06%,"16:11 ET"
XLF,23.51,Put,23.50,05/15/20,16,0.66,0.67,0.68,0.67,769,110,6.99,36.16%,"15:32 ET"
SPY,294.54,Put,292.00,05/08/20,9,4.22,4.24,4.26,4.33,6955,996,6.98,28.85%,"16:11 ET"
EWZ,25.97,Put,24.50,05/01/20,2,0.15,0.16,0.16,0.18,901,137,6.58,88.54%,"14:53 ET"
SPY,294.54,Put,292.00,05/06/20,7,3.49,3.51,3.53,3.52,2376,366,6.49,27.59%,"16:10 ET"
IWM,136.33,Put,136.00,05/15/20,16,4.56,4.57,4.59,4.72,3752,578,6.49,41.59%,"16:11 ET"
TZA,29.48,Call,35.00,05/15/20,16,1.55,1.61,1.67,1.60,1516,234,6.48,134.65%,"16:14 ET"
SPY,294.54,Put,300.00,04/29/20,0,6.58,6.65,6.72,6.38,1935,303,6.39,0.00%,"16:07 ET"
QQQ,219.76,Put,218.00,05/08/20,9,3.82,3.84,3.87,3.92,4227,661,6.39,33.50%,"16:07 ET"
ITB,38.11,Call,41.00,06/19/20,51,0.95,1.03,1.10,1.05,1244,195,6.38,36.96%,"15:18 ET"
IWM,136.33,Put,134.00,05/15/20,16,3.71,3.73,3.74,3.81,2036,324,6.28,42.10%,"16:09 ET"
SPY,294.54,Put,297.00,12/17/21,597,38.45,38.93,39.41,38.52,777,124,6.27,26.84%,"15:22 ET"
SPY,294.54,Call,310.00,05/06/20,7,0.11,0.11,0.12,0.12,3320,536,6.19,21.01%,"16:08 ET"
TZA,29.48,Put,30.00,05/01/20,2,1.26,1.35,1.44,1.34,803,130,6.18,139.18%,"16:13 ET"
TLT,168.53,Put,164.00,06/19/20,51,2.50,2.55,2.59,2.64,2585,419,6.17,18.95%,"16:04 ET"
IWM,136.33,Call,136.00,05/01/20,2,1.85,1.87,1.88,1.75,10966,1805,6.08,44.34%,"16:11 ET"
QQQ,219.76,Put,217.50,05/01/20,2,1.98,1.99,2.01,2.03,2392,395,6.06,44.38%,"16:07 ET"
IWM,136.33,Call,145.00,05/08/20,9,0.44,0.45,0.46,0.41,6109,1008,6.06,33.84%,"16:12 ET"
SPY,294.54,Put,297.00,07/17/20,79,16.98,17.04,17.09,16.50,11099,1839,6.04,28.03%,"16:01 ET"
VXX,36.53,Call,37.50,05/01/20,2,0.72,0.73,0.74,0.74,717,119,6.03,108.03%,"16:00 ET"
TNA,25.74,Call,25.50,05/01/20,2,0.99,1.07,1.15,0.99,1247,208,6,129.33%,"16:12 ET"
SPY,294.54,Call,307.00,05/13/20,14,0.83,0.85,0.87,1.08,911,152,5.99,21.95%,"16:01 ET"
SPY,294.54,Put,296.00,05/01/20,2,3.97,3.99,4.01,3.95,2847,483,5.89,32.51%,"16:11 ET"
SPY,294.54,Put,288.00,05/04/20,5,1.57,1.59,1.61,1.59,3517,607,5.79,28.55%,"16:11 ET"
SPY,294.54,Put,284.00,05/13/20,14,3.20,3.22,3.24,2.99,844,147,5.74,30.55%,"15:53 ET"
XLE,38.85,Put,37.00,05/01/20,2,0.16,0.17,0.17,0.17,1204,212,5.68,67.59%,"15:58 ET"
IWM,136.33,Call,145.00,12/18/20,233,8.46,8.58,8.70,8.90,1836,324,5.67,28.05%,"13:30 ET"
SPY,294.54,Call,294.00,05/01/20,2,2.17,2.18,2.19,2.17,31191,5587,5.58,25.06%,"16:11 ET"
SPY,294.54,Call,298.00,05/04/20,5,1.24,1.26,1.27,1.28,30737,5607,5.48,20.53%,"16:11 ET"
SPY,294.54,Call,309.00,05/08/20,9,0.30,0.31,0.31,0.34,1420,261,5.44,21.80%,"16:06 ET"
SPY,294.54,Put,293.00,05/04/20,5,3.12,3.15,3.17,3.13,3627,671,5.41,26.39%,"16:11 ET"
SPY,294.54,Put,290.00,05/29/20,30,7.45,7.48,7.52,7.59,19534,3696,5.29,28.67%,"16:11 ET"
SPY,294.54,Call,294.00,04/29/20,0,0.15,0.16,0.17,0.18,104858,20267,5.17,0.00%,"16:11 ET"
SPY,294.54,Put,300.00,05/08/20,9,8.47,8.52,8.57,8.50,1461,283,5.16,26.75%,"16:11 ET"
SPY,294.54,Call,301.00,05/01/20,2,0.28,0.29,0.29,0.26,16494,3303,4.99,24.87%,"16:11 ET"
SPY,294.54,Call,290.00,05/29/20,30,10.87,10.91,10.95,11.75,18436,3701,4.98,28.38%,"15:54 ET"
TQQQ,70.18,Put,75.00,05/01/20,2,5.25,5.35,5.45,5.45,2123,427,4.97,106.29%,"15:53 ET"
SPY,294.54,Call,302.00,05/11/20,12,1.50,1.52,1.54,1.54,988,199,4.96,20.48%,"16:11 ET"
SPXU,14.73,Call,15.00,05/01/20,2,0.35,0.38,0.40,0.35,2159,441,4.9,97.48%,"16:10 ET"
TLT,168.53,Put,168.00,05/08/20,9,1.71,1.83,1.95,1.91,553,114,4.85,21.23%,"15:17 ET"
SQQQ,11.49,Call,12.00,05/22/20,23,0.90,0.93,0.95,0.93,1505,310,4.85,98.80%,"15:49 ET"
XLF,23.51,Put,23.50,05/01/20,2,0.25,0.26,0.27,0.27,1286,266,4.83,43.81%,"15:59 ET"
SPY,294.54,Put,289.00,05/04/20,5,1.81,1.83,1.85,1.82,3076,637,4.83,28.04%,"16:11 ET"
SQQQ,11.49,Call,11.00,05/01/20,2,0.65,0.7,0.75,0.74,2034,427,4.76,134.21%,"15:53 ET"
SPY,294.54,Call,296.00,05/01/20,2,1.30,1.31,1.32,1.31,22522,4748,4.74,24.90%,"16:11 ET"
XLE,38.85,Call,38.50,05/01/20,2,0.84,0.85,0.86,0.86,1290,277,4.66,60.16%,"16:01 ET"
SPY,294.54,Put,297.50,05/01/20,2,4.85,4.88,4.91,5.01,617,134,4.6,33.50%,"16:11 ET"
XLF,23.51,Put,24.00,05/01/20,2,0.55,0.56,0.57,0.53,882,192,4.59,37.29%,"15:21 ET"
DIA,247.16,Put,245.00,05/08/20,9,3.70,3.8,3.90,3.70,862,190,4.54,31.09%,"15:56 ET"
SPY,294.54,Put,300.00,05/01/20,2,7.02,7.06,7.09,7.00,2071,458,4.52,35.52%,"16:11 ET"
XLE,38.85,Put,36.21,05/15/20,16,0.72,0.74,0.75,0.71,1176,261,4.51,54.74%,"15:57 ET"
SPY,294.54,Call,299.00,05/01/20,2,0.53,0.54,0.54,0.52,16157,3642,4.44,24.69%,"16:11 ET"
QQQ,219.76,Call,221.00,05/01/20,2,1.83,1.86,1.88,1.72,21755,4896,4.44,37.77%,"16:07 ET"
SPY,294.54,Call,310.00,05/18/20,19,0.78,0.8,0.81,0.97,1413,326,4.33,20.79%,"15:53 ET"
NUGT,69.67,Call,68.00,05/01/20,2,2.80,3.15,3.50,3.08,912,211,4.32,147.83%,"16:01 ET"
QQQ,219.76,Call,227.00,09/18/20,142,11.73,11.77,11.81,11.94,1041,244,4.27,27.13%,"16:04 ET"
QQQ,219.76,Call,220.00,05/29/20,30,6.90,6.94,6.98,7.11,1513,357,4.24,29.20%,"15:47 ET"
XLU,58.94,Put,59.00,01/21/22,632,8.65,9.08,9.50,8.54,1168,278,4.2,30.19%,"13:26 ET"
IWM,136.33,Put,133.00,05/08/20,9,2.53,2.54,2.55,2.60,1790,430,4.16,46.39%,"16:08 ET"
SPY,294.54,Put,295.00,05/26/20,27,8.71,8.75,8.79,8.49,518,125,4.14,25.37%,"16:06 ET"
IWM,136.33,Put,119.00,05/22/20,23,0.97,0.99,1.00,0.84,609,147,4.14,45.14%,"15:15 ET"
SPY,294.54,Call,308.00,05/08/20,9,0.37,0.38,0.38,0.38,2983,720,4.14,21.28%,"16:09 ET"
SPY,294.54,Call,304.00,05/04/20,5,0.24,0.25,0.25,0.23,1809,438,4.13,19.76%,"16:11 ET"
SPY,294.54,Put,240.00,05/29/20,30,0.94,0.95,0.96,0.96,31790,7708,4.12,46.40%,"16:11 ET"
IWM,136.33,Put,131.50,05/01/20,2,0.79,0.8,0.80,0.84,505,123,4.11,61.92%,"16:09 ET"
UNG,12.99,Call,13.00,05/08/20,9,0.71,0.72,0.72,0.73,1070,262,4.08,90.79%,"15:55 ET"
SPY,294.54,Call,294.00,05/04/20,5,2.87,2.9,2.92,2.90,8245,2038,4.05,21.06%,"16:11 ET"
HYG,80.22,Call,83.00,07/17/20,79,0.90,0.98,1.06,0.84,655,162,4.04,12.44%,"14:10 ET"
XOP,53.6,Call,53.00,05/01/20,2,1.64,1.67,1.71,1.65,2237,554,4.04,83.15%,"16:02 ET"
XLF,23.51,Put,20.00,07/17/20,79,0.57,0.58,0.59,0.56,12292,3054,4.02,45.45%,"15:22 ET"
IWM,136.33,Call,150.00,05/22/20,23,0.46,0.47,0.48,0.44,677,169,4.01,29.14%,"16:11 ET"
TNA,25.74,Call,30.00,05/08/20,9,0.38,0.41,0.43,0.43,1359,343,3.96,108.09%,"16:13 ET"
EWZ,25.97,Put,25.00,05/01/20,2,0.22,0.23,0.24,0.26,2231,568,3.93,81.25%,"15:40 ET"
SPY,294.54,Put,268.00,05/11/20,12,0.82,0.83,0.84,0.76,826,212,3.9,37.58%,"16:00 ET"
EWZ,25.97,Call,26.50,05/01/20,2,0.28,0.29,0.30,0.27,1376,353,3.9,66.07%,"15:58 ET"
IWM,136.33,Call,136.00,05/08/20,9,3.26,3.29,3.32,3.14,9394,2411,3.9,37.05%,"16:10 ET"
XLE,38.85,Call,40.00,05/08/20,9,0.64,0.65,0.65,0.65,1206,313,3.85,46.20%,"16:03 ET"
SPY,294.54,Put,290.00,05/08/20,9,3.56,3.58,3.59,3.65,13394,3479,3.85,29.74%,"16:11 ET"
IWM,136.33,Call,145.00,06/19/20,51,2.83,2.84,2.86,2.75,36178,9413,3.84,29.59%,"16:10 ET"
GLD,161.68,Put,155.00,05/08/20,9,0.33,0.34,0.35,0.33,3817,996,3.83,22.68%,"16:03 ET"
UVXY,39.86,Call,44.50,05/01/20,2,0.64,0.68,0.71,0.68,515,136,3.79,181.29%,"16:13 ET"
XLE,38.85,Call,38.21,01/15/21,261,5.25,5.43,5.60,5.40,1381,365,3.78,38.18%,"15:46 ET"
SPY,294.54,Put,290.00,08/21/20,114,17.38,17.42,17.45,17.48,1562,417,3.75,30.67%,"16:11 ET"
IWM,136.33,Put,132.00,06/19/20,51,5.97,5.99,6.02,6.08,2418,656,3.69,40.04%,"16:09 ET"
EUFN,13.64,Call,14.00,06/19/20,51,0.40,0.45,0.50,0.40,733,200,3.67,27.03%,"13:17 ET"
UVXY,39.86,Call,41.00,05/01/20,2,1.45,1.48,1.50,1.47,669,183,3.66,162.42%,"16:14 ET"
IWM,136.33,Put,121.00,05/08/20,9,0.37,0.39,0.40,0.41,2592,710,3.65,53.67%,"16:10 ET"
FXI,39.77,Call,40.00,05/29/20,30,0.89,0.94,0.98,0.92,616,170,3.62,22.31%,"15:20 ET"
UCO,12.85,Call,14.00,05/01/20,2,0.25,0.28,0.31,0.28,876,242,3.62,182.43%,"16:07 ET"
SPY,294.54,Put,295.00,05/08/20,9,5.58,5.61,5.64,5.58,3318,916,3.62,27.62%,"16:11 ET"
SPY,294.54,Call,312.00,05/08/20,9,0.16,0.17,0.17,0.16,1821,505,3.61,21.41%,"16:10 ET"
XLF,23.51,Put,24.50,05/08/20,9,1.09,1.11,1.13,1.12,828,231,3.58,35.69%,"15:55 ET"
SQQQ,11.49,Call,11.00,05/15/20,16,1.05,1.08,1.10,1.08,1454,408,3.56,85.48%,"15:56 ET"
SPY,294.54,Put,287.00,05/01/20,2,0.77,0.78,0.78,0.76,17864,5025,3.56,35.77%,"16:11 ET"
IWM,136.33,Put,116.00,07/17/20,79,3.10,3.15,3.20,3.15,1174,332,3.54,44.02%,"16:07 ET"
TZA,29.48,Call,35.00,05/01/20,2,0.20,0.24,0.27,0.28,1186,338,3.51,189.45%,"16:12 ET"
IWM,136.33,Call,143.00,05/15/20,16,1.27,1.28,1.29,1.48,5602,1602,3.5,34.82%,"16:03 ET"
SMH,139.24,Put,128.00,06/19/20,51,4.05,4.15,4.25,4.16,509,146,3.49,43.36%,"15:24 ET"
SPY,294.54,Call,310.00,05/08/20,9,0.24,0.25,0.25,0.24,5888,1686,3.49,21.18%,"16:10 ET"
SPY,294.54,Put,285.00,05/01/20,2,0.49,0.5,0.50,0.50,36660,10494,3.49,36.81%,"16:11 ET"
SPY,294.54,Call,293.00,05/01/20,2,2.70,2.72,2.73,2.70,27906,8054,3.46,25.03%,"16:11 ET"
SPY,294.54,Call,306.00,05/08/20,9,0.57,0.58,0.59,0.58,1147,338,3.39,21.37%,"16:11 ET"
IWM,136.33,Put,131.00,05/15/20,16,2.67,2.69,2.71,2.78,1119,332,3.37,43.78%,"16:11 ET"
SPY,294.54,Call,295.00,05/04/20,5,2.40,2.42,2.44,2.42,11342,3367,3.37,20.98%,"16:11 ET"
SPY,294.54,Call,296.00,05/18/20,19,5.29,5.33,5.36,5.96,658,196,3.36,25.50%,"15:37 ET"
SPY,294.54,Call,300.00,05/01/20,2,0.41,0.42,0.42,0.38,94367,28119,3.36,24.96%,"16:11 ET"
SPY,294.54,Call,297.00,05/11/20,12,3.30,3.33,3.35,3.30,1032,308,3.35,21.58%,"16:11 ET"
SPY,294.54,Call,299.00,05/04/20,5,0.96,0.97,0.98,0.99,4877,1462,3.34,20.26%,"16:11 ET"
SPY,294.54,Put,285.00,05/29/20,30,6.13,6.16,6.19,6.14,7448,2230,3.34,30.53%,"16:11 ET"
UNG,12.99,Call,13.50,05/08/20,9,0.51,0.52,0.52,0.52,868,262,3.31,90.52%,"16:01 ET"
SPY,294.54,Call,297.00,05/01/20,2,0.99,1,1.00,0.99,20511,6219,3.3,24.88%,"16:11 ET"
XLE,38.85,Call,40.00,05/01/20,2,0.20,0.21,0.21,0.20,966,294,3.29,53.15%,"16:02 ET"
XLF,23.51,Call,24.50,05/08/20,9,0.14,0.15,0.15,0.15,938,286,3.28,31.60%,"15:50 ET"
XOP,53.6,Put,50.00,06/19/20,51,3.30,3.4,3.50,3.40,533,163,3.27,65.48%,"16:01 ET"
SPY,294.54,Put,269.00,05/11/20,12,0.88,0.89,0.90,0.85,700,214,3.27,37.51%,"15:29 ET"
TNA,25.74,Put,17.00,05/08/20,9,0.11,0.13,0.14,0.10,781,239,3.27,155.40%,"14:42 ET"
SQQQ,11.49,Call,11.00,05/08/20,9,0.90,0.95,1.00,0.90,1223,379,3.23,87.49%,"15:39 ET"
SPY,294.54,Put,255.00,05/29/20,30,1.79,1.81,1.82,1.78,15210,4708,3.23,41.29%,"16:05 ET"
SPY,294.54,Put,291.00,05/06/20,7,3.14,3.17,3.19,3.23,5046,1568,3.22,28.41%,"16:11 ET"
XOP,53.6,Call,51.00,05/01/20,2,3.05,3.15,3.25,3.00,649,202,3.21,82.42%,"15:48 ET"
SPY,294.54,Call,292.00,05/01/20,2,3.30,3.32,3.33,3.34,22210,6913,3.21,25.48%,"16:11 ET"
SPY,294.54,Call,295.00,05/01/20,2,1.81,1.82,1.83,1.71,85560,26636,3.21,25.05%,"16:11 ET"
GDX,34.01,Put,33.00,05/08/20,9,0.68,0.69,0.69,0.68,1114,350,3.18,51.64%,"16:01 ET"
SPY,294.54,Call,291.00,05/06/20,7,5.70,5.73,5.76,5.71,5031,1585,3.17,24.82%,"16:09 ET"
QQQ,219.76,Put,216.00,05/01/20,2,1.52,1.54,1.56,1.58,9521,3005,3.17,46.05%,"16:07 ET"
SHY,86.65,Put,88.00,09/17/21,506,1.80,2.28,2.75,2.27,594,188,3.16,5.71%,"14:36 ET"
QQQ,219.76,Put,185.00,05/29/20,30,1.02,1.04,1.05,1.01,1096,348,3.15,43.89%,"16:04 ET"
SPY,294.54,Call,304.00,05/29/20,30,3.36,3.39,3.41,3.59,2932,932,3.15,21.86%,"16:06 ET"
SPY,294.54,Call,292.50,05/01/20,2,3.14,3.16,3.18,3.11,10191,3246,3.14,26.43%,"16:10 ET"
SPY,294.54,Put,268.00,08/21/20,114,11.00,11.03,11.06,10.99,638,204,3.13,35.08%,"12:23 ET"
SDS,22.27,Call,23.00,05/01/20,2,0.20,0.21,0.21,0.22,1771,570,3.11,71.03%,"16:09 ET"
SPY,294.54,Call,304.00,05/15/20,16,1.78,1.79,1.79,1.78,13713,4410,3.11,21.32%,"16:11 ET"
XOP,53.6,Put,48.00,05/15/20,16,0.99,1.02,1.05,1.04,534,172,3.1,72.62%,"16:04 ET"
SPY,294.54,Put,294.00,05/06/20,7,4.39,4.43,4.46,4.40,4111,1325,3.1,27.21%,"16:11 ET"
SPY,294.54,Call,302.00,05/01/20,2,0.19,0.2,0.20,0.18,10875,3514,3.09,25.01%,"16:11 ET"
SDOW,30.43,Call,32.00,05/15/20,16,1.90,1.97,2.05,2.02,856,280,3.06,101.95%,"16:09 ET"
XLF,23.51,Put,22.00,07/17/20,79,1.00,1.01,1.02,1.00,5061,1654,3.06,40.10%,"15:53 ET"
SPY,294.54,Call,293.00,05/26/20,27,8.22,8.25,8.29,8.86,523,172,3.04,25.86%,"16:04 ET"
SQQQ,11.49,Call,12.00,05/29/20,30,1.00,1.05,1.10,1.05,565,186,3.04,95.55%,"15:50 ET"
XLI,65.79,Call,70.00,05/15/20,16,0.21,0.22,0.24,0.25,731,241,3.03,25.87%,"13:30 ET"
DIA,247.16,Put,242.50,05/01/20,2,1.05,1.11,1.16,1.08,546,181,3.02,39.65%,"16:00 ET"
SPY,294.54,Call,305.00,05/08/20,9,0.70,0.71,0.72,0.71,11740,3884,3.02,21.42%,"16:11 ET"
SPY,294.54,Call,307.00,05/06/20,7,0.25,0.26,0.26,0.27,1096,365,3,21.08%,"16:07 ET"
SPXU,14.73,Call,16.50,05/29/20,30,0.95,1.03,1.10,1.00,769,257,2.99,95.34%,"15:54 ET"
QID,16.6,Call,17.00,05/15/20,16,0.74,0.77,0.79,0.77,1551,520,2.98,65.95%,"16:07 ET"
IWM,136.33,Call,160.00,12/18/20,233,3.29,3.37,3.45,3.44,18115,6089,2.98,24.37%,"16:03 ET"
SPY,294.54,Call,307.00,05/08/20,9,0.46,0.46,0.47,0.48,1997,676,2.95,21.43%,"16:09 ET"
TNA,25.74,Call,30.00,06/19/20,51,1.85,1.92,1.98,1.91,673,230,2.93,90.26%,"16:12 ET"
SPY,294.54,Call,294.00,05/08/20,9,4.43,4.46,4.48,4.47,6542,2241,2.92,24.12%,"16:11 ET"
SQQQ,11.49,Put,10.50,05/01/20,2,0.05,0.08,0.10,0.10,555,191,2.91,131.22%,"15:56 ET"
XLE,38.85,Call,38.00,05/01/20,2,1.17,1.19,1.21,1.20,1414,486,2.91,63.02%,"16:03 ET"
TAN,31.29,Put,29.00,05/15/20,16,0.40,0.48,0.55,0.50,928,323,2.87,53.38%,"11:45 ET"
QQQ,219.76,Put,218.00,05/01/20,2,2.16,2.18,2.19,2.22,5182,1807,2.87,44.08%,"16:07 ET"
SPY,294.54,Call,300.00,05/08/20,9,1.83,1.85,1.86,1.86,17168,5983,2.87,22.45%,"16:11 ET"
SOXS,8.39,Call,9.00,05/15/20,16,0.60,0.65,0.70,0.65,701,245,2.86,122.11%,"16:06 ET"
FXE,102.79,Put,100.00,09/18/20,142,0.80,0.88,0.95,0.83,1296,453,2.86,8.19%,"16:01 ET"
IWM,136.33,Put,122.00,08/21/20,114,5.85,5.91,5.97,5.57,3021,1056,2.86,39.63%,"15:25 ET"
QQQ,219.76,Put,164.00,09/18/20,142,3.61,3.65,3.68,3.61,1859,655,2.84,43.62%,"15:45 ET"
QQQ,219.76,Put,200.00,05/29/20,30,2.47,2.5,2.52,2.52,4156,1465,2.84,38.26%,"16:05 ET"
SPY,294.54,Call,302.00,05/04/20,5,0.45,0.46,0.47,0.42,3140,1114,2.82,19.75%,"16:11 ET"
IWM,136.33,Call,142.00,05/15/20,16,1.54,1.55,1.56,1.45,2887,1029,2.81,31.90%,"16:11 ET"
SPY,294.54,Call,302.50,05/01/20,2,0.15,0.16,0.16,0.15,4484,1595,2.81,25.12%,"16:10 ET"
TNA,25.74,Call,24.00,05/08/20,9,2.57,2.66,2.75,3.00,526,190,2.77,138.56%,"15:31 ET"
SPY,294.54,Call,291.00,04/29/20,0,2.36,2.4,2.43,2.41,24831,8983,2.76,0.00%,"16:11 ET"
SPY,294.54,Put,287.00,05/06/20,7,2.14,2.16,2.18,2.16,2733,1000,2.73,30.51%,"16:11 ET"
TQQQ,70.18,Put,69.00,05/01/20,2,1.93,1.97,2.01,1.96,501,187,2.68,122.08%,"15:56 ET"
SPY,294.54,Call,293.00,05/08/20,9,5.00,5.03,5.06,5.05,4616,1727,2.67,24.49%,"16:11 ET"
VXX,36.53,Call,40.00,05/08/20,9,1.04,1.06,1.07,1.05,2214,832,2.66,100.73%,"16:02 ET"
SPY,294.54,Call,291.00,05/01/20,2,4.14,4.16,4.18,3.99,20175,7636,2.64,25.20%,"16:11 ET"
XLE,38.85,Call,36.00,05/08/20,9,3.15,3.22,3.30,3.25,912,349,2.61,59.94%,"15:57 ET"
SPY,294.54,Call,292.00,04/29/20,0,1.43,1.46,1.50,1.49,111295,42860,2.6,0.00%,"16:11 ET"
IWM,136.33,Put,129.00,05/01/20,2,0.39,0.4,0.40,0.40,3403,1320,2.58,62.79%,"16:11 ET"
IWM,136.33,Put,132.00,05/15/20,16,2.98,3,3.01,3.08,1578,614,2.57,43.09%,"16:10 ET"
SPY,294.54,Call,310.00,05/11/20,12,0.32,0.33,0.34,0.32,2459,955,2.57,19.51%,"16:11 ET"
SPY,294.54,Call,290.00,04/29/20,0,3.58,3.62,3.65,3.42,34995,13615,2.57,0.00%,"16:11 ET"
TQQQ,70.18,Call,69.00,05/01/20,2,3.15,3.2,3.25,3.10,3111,1213,2.56,119.87%,"15:55 ET"
TLT,168.53,Put,166.00,05/01/20,2,0.30,0.32,0.33,0.32,819,321,2.55,24.51%,"16:12 ET"
QQQ,219.76,Call,221.00,09/18/20,142,14.96,15.08,15.20,15.03,759,300,2.53,28.11%,"16:06 ET"
SPY,294.54,Put,280.00,06/01/20,33,5.26,5.29,5.32,5.32,795,314,2.53,32.04%,"16:11 ET"
EWZ,25.97,Call,20.00,06/19/20,51,6.40,6.45,6.50,6.38,1461,580,2.52,66.98%,"15:50 ET"
QQQ,219.76,Call,218.00,05/01/20,2,3.43,3.48,3.52,3.30,8644,3445,2.51,39.74%,"16:07 ET"
TQQQ,70.18,Call,68.00,05/08/20,9,5.40,5.43,5.45,5.44,611,245,2.49,98.31%,"15:58 ET"
TQQQ,70.18,Put,70.00,05/01/20,2,2.29,2.34,2.39,2.38,1248,504,2.48,119.43%,"15:59 ET"
UDOW,57.47,Call,119.00,09/18/20,142,0.10,0.53,0.95,0.26,887,360,2.46,58.66%,"11:43 ET"
XOP,53.6,Call,54.00,05/15/20,16,2.63,2.66,2.69,2.57,601,245,2.45,60.96%,"15:42 ET"
SPY,294.54,Put,290.00,05/06/20,7,2.83,2.84,2.86,2.94,5428,2216,2.45,29.04%,"16:11 ET"
SPY,294.54,Put,287.00,05/04/20,5,1.37,1.39,1.40,1.39,2227,915,2.43,29.09%,"16:11 ET"
SPY,294.54,Call,303.00,05/04/20,5,0.32,0.33,0.34,0.32,2504,1034,2.42,19.87%,"16:11 ET"
SPY,294.54,Call,298.00,05/01/20,2,0.73,0.74,0.74,0.73,16875,7010,2.41,24.84%,"16:11 ET"
SPY,294.54,Call,306.00,05/20/20,21,1.74,1.76,1.78,1.81,518,216,2.4,20.71%,"16:10 ET"
SPY,294.54,Put,285.00,05/13/20,14,3.40,3.43,3.45,3.42,1454,605,2.4,31.21%,"16:09 ET"
TLT,168.53,Put,168.50,05/08/20,9,1.93,2.09,2.25,2.21,528,221,2.39,21.82%,"15:54 ET"
SPY,294.54,Put,268.00,05/06/20,7,0.30,0.31,0.31,0.29,1109,464,2.39,39.66%,"16:04 ET"
SPY,294.54,Call,298.00,05/06/20,7,1.92,1.94,1.96,1.99,1354,573,2.36,22.22%,"16:10 ET"
EWW,30.26,Call,31.00,05/15/20,16,0.52,0.54,0.57,0.56,1070,456,2.35,34.36%,"15:59 ET"
QQQ,219.76,Call,219.00,01/15/21,261,21.16,21.38,21.61,20.80,504,215,2.34,26.78%,"14:45 ET"
VXX,36.53,Put,27.00,07/17/20,79,1.60,1.62,1.64,1.69,585,252,2.32,88.05%,"13:47 ET"
SPXS,9.76,Call,7.00,06/19/20,51,2.85,2.93,3.00,2.95,520,225,2.31,73.68%,"16:09 ET"
SPY,294.54,Call,301.00,05/04/20,5,0.60,0.61,0.62,0.60,1463,636,2.3,20.27%,"16:10 ET"
SMH,139.24,Put,118.00,05/22/20,23,0.65,0.7,0.75,0.68,565,247,2.29,49.26%,"16:04 ET"
SPY,294.54,Call,300.00,05/04/20,5,0.74,0.75,0.75,0.76,12841,5662,2.27,20.10%,"16:11 ET"
IWM,136.33,Call,150.00,06/05/20,37,0.95,0.98,1.00,1.17,910,403,2.26,30.68%,"15:29 ET"
SPY,294.54,Put,291.00,05/08/20,9,3.87,3.89,3.91,4.00,3256,1445,2.25,29.43%,"16:11 ET"
QQQ,219.76,Put,207.00,05/01/20,2,0.25,0.27,0.29,0.26,6687,2978,2.25,53.11%,"16:07 ET"
DIA,247.16,Put,220.00,01/15/21,261,15.25,15.5,15.75,15.94,663,296,2.24,36.05%,"14:36 ET"
DIA,247.16,Call,247.50,05/01/20,2,2.20,2.27,2.34,2.27,1013,458,2.21,32.31%,"15:53 ET"
QQQ,219.76,Put,215.00,05/08/20,9,2.84,2.86,2.88,2.92,15305,6955,2.2,35.32%,"16:07 ET"
SPY,294.54,Put,290.00,06/01/20,33,7.73,7.78,7.83,7.86,501,229,2.19,28.16%,"16:11 ET"
SPY,294.54,Call,303.00,05/20/20,21,2.61,2.64,2.66,3.05,594,271,2.19,22.89%,"16:03 ET"
TQQQ,70.18,Call,68.50,05/01/20,2,3.50,3.58,3.65,3.35,1205,550,2.19,117.98%,"15:36 ET"
UNG,12.99,Call,14.00,05/08/20,9,0.31,0.36,0.40,0.38,1246,568,2.19,93.11%,"16:02 ET"
XLU,58.94,Call,59.00,05/01/20,2,0.48,0.5,0.52,0.49,1502,687,2.19,23.41%,"14:49 ET"
FAS,31.72,Call,34.00,05/01/20,2,0.14,0.16,0.17,0.15,1931,881,2.19,84.48%,"16:03 ET"
SQQQ,11.49,Put,12.00,06/19/20,51,2.00,2.03,2.05,2.05,588,270,2.18,103.46%,"15:56 ET"
TZA,29.48,Call,30.00,05/15/20,16,3.00,3.08,3.15,3.05,931,430,2.17,126.62%,"16:14 ET"
SPY,294.54,Put,220.00,05/29/20,30,0.44,0.45,0.45,0.44,27286,12582,2.17,53.62%,"16:11 ET"
GUSH,39.8,Call,45.00,06/19/20,51,4.50,4.55,4.60,4.59,816,377,2.16,109.00%,"16:07 ET"
DIA,247.16,Call,265.00,05/15/20,16,0.43,0.46,0.49,0.44,1967,916,2.15,23.16%,"15:40 ET"
IWM,136.33,Put,129.00,05/08/20,9,1.42,1.44,1.45,1.29,4286,1991,2.15,45.82%,"16:03 ET"
IWM,136.33,Put,130.00,05/29/20,30,3.53,3.55,3.58,3.65,1588,743,2.14,40.92%,"16:10 ET"
SPY,294.54,Put,288.00,05/08/20,9,3.08,3.1,3.12,3.08,3887,1819,2.14,30.70%,"16:11 ET"
XLV,100.73,Put,93.00,05/15/20,16,0.27,0.3,0.32,0.32,506,238,2.13,31.23%,"15:19 ET"
QQQ,219.76,Put,212.00,05/01/20,2,0.65,0.69,0.72,0.73,20127,9444,2.13,49.02%,"16:06 ET"
SPY,294.54,Call,311.00,05/08/20,9,0.20,0.21,0.21,0.19,703,331,2.12,21.16%,"16:11 ET"
SPY,294.54,Put,283.00,05/01/20,2,0.31,0.32,0.32,0.31,11675,5497,2.12,37.44%,"16:11 ET"
SPY,294.54,Put,284.00,05/01/20,2,0.39,0.4,0.40,0.40,7179,3440,2.09,37.25%,"16:11 ET"
IWM,136.33,Call,145.00,05/29/20,30,1.61,1.63,1.65,1.56,7382,3532,2.09,29.58%,"16:12 ET"
IWM,136.33,Call,150.00,06/19/20,51,1.50,1.52,1.53,1.45,31222,14913,2.09,28.14%,"16:10 ET"
SPY,294.54,Call,305.00,06/05/20,37,3.93,3.96,3.99,3.96,705,340,2.07,21.61%,"16:11 ET"
SPXU,14.73,Call,16.00,05/01/20,2,0.10,0.13,0.15,0.14,1865,902,2.07,117.04%,"16:11 ET"
SPY,294.54,Put,276.00,05/08/20,9,1.15,1.17,1.18,1.15,4429,2137,2.07,36.94%,"16:07 ET"
SPY,294.54,Call,292.00,05/04/20,5,4.03,4.06,4.08,4.12,4921,2374,2.07,21.96%,"16:10 ET"
SPY,294.54,Put,285.00,05/06/20,7,1.72,1.74,1.76,1.76,5269,2545,2.07,31.53%,"16:11 ET"
SPY,294.54,Call,293.00,05/04/20,5,3.42,3.45,3.48,3.43,7250,3529,2.05,21.11%,"16:11 ET"
EEM,37.47,Put,36.00,05/08/20,9,0.24,0.25,0.25,0.25,11633,5683,2.05,33.09%,"15:55 ET"
SPY,294.54,Call,297.00,05/04/20,5,1.58,1.59,1.60,1.58,5137,2524,2.04,20.47%,"16:11 ET"
VXX,36.53,Put,35.00,05/01/20,2,0.37,0.38,0.38,0.38,4565,2248,2.03,89.21%,"16:02 ET"
IWM,136.33,Put,115.00,07/17/20,79,2.94,2.98,3.02,2.95,8906,4406,2.02,44.26%,"16:07 ET"
TNA,25.74,Call,25.00,05/08/20,9,2.00,2.05,2.09,2.09,537,267,2.01,114.45%,"16:13 ET"
SPY,294.54,Put,292.00,05/11/20,12,4.72,4.75,4.78,4.67,1886,939,2.01,26.67%,"16:09 ET"
SPY,294.54,Put,287.00,05/15/20,16,4.44,4.46,4.47,4.44,9619,4794,2.01,30.79%,"16:11 ET"
IWM,136.33,Put,133.00,07/17/20,79,7.77,7.83,7.89,7.66,709,354,2,36.98%,"15:48 ET"
SPY,294.54,Put,293.00,05/11/20,12,5.10,5.13,5.16,5.14,691,348,1.99,26.70%,"16:11 ET"
IWM,136.33,Call,137.00,07/17/20,79,7.48,7.57,7.65,7.55,1078,543,1.99,31.27%,"16:11 ET"
GDX,34.01,Put,32.50,05/15/20,16,0.80,0.81,0.81,0.84,545,277,1.97,52.19%,"16:00 ET"
SQQQ,11.49,Put,11.50,05/01/20,2,0.40,0.43,0.45,0.47,651,330,1.97,138.57%,"15:56 ET"
UVXY,39.86,Call,43.00,05/01/20,2,0.90,0.94,0.97,0.90,949,482,1.97,169.25%,"16:13 ET"
SPY,294.54,Put,202.00,06/30/20,62,0.83,0.84,0.85,0.79,1627,827,1.97,51.65%,"13:27 ET"
SPY,294.54,Put,289.00,05/08/20,9,3.27,3.29,3.31,3.33,2994,1519,1.97,30.08%,"16:10 ET"
TLT,168.53,Put,167.50,05/01/20,2,0.65,0.68,0.71,0.79,669,342,1.96,25.88%,"15:43 ET"
IWM,136.33,Put,126.00,05/08/20,9,0.89,0.9,0.91,0.90,716,368,1.95,49.89%,"16:10 ET"
QQQ,219.76,Call,220.00,05/22/20,23,6.14,6.17,6.20,6.06,1290,661,1.95,28.67%,"16:06 ET"
EEM,37.47,Put,37.00,05/01/20,2,0.18,0.19,0.19,0.18,2487,1275,1.95,32.00%,"15:59 ET"
VXX,36.53,Put,27.00,05/15/20,16,0.11,0.11,0.12,0.12,18885,9686,1.95,87.57%,"15:58 ET"
TQQQ,70.18,Put,65.00,05/08/20,9,2.22,2.25,2.28,2.25,1431,739,1.94,103.29%,"15:56 ET"
IWM,136.33,Put,130.00,05/08/20,9,1.65,1.67,1.69,1.71,3742,1929,1.94,48.13%,"16:10 ET"
SPY,294.54,Call,292.00,05/06/20,7,5.05,5.07,5.10,5.09,3842,1981,1.94,24.65%,"16:09 ET"
SPY,294.54,Call,296.00,05/15/20,16,4.90,4.92,4.93,5.05,10813,5568,1.94,24.12%,"16:09 ET"
JETS,15.58,Call,16.00,05/15/20,16,0.60,0.63,0.65,0.70,649,336,1.93,66.91%,"16:08 ET"
UVXY,39.86,Call,42.00,05/01/20,2,1.15,1.17,1.19,1.13,662,343,1.93,163.79%,"16:14 ET"
XLE,38.85,Call,37.50,05/01/20,2,1.55,1.58,1.60,1.57,769,399,1.93,64.33%,"15:50 ET"
VXX,36.53,Call,37.00,05/08/20,9,1.86,1.89,1.91,1.90,710,372,1.91,93.29%,"16:00 ET"
SPXL,37.31,Call,39.00,05/15/20,16,1.30,1.38,1.45,1.45,800,422,1.9,71.16%,"16:10 ET"
LQD,130.08,Put,127.50,05/15/20,16,0.45,0.5,0.55,0.50,1101,578,1.9,13.43%,"14:35 ET"
SPY,294.54,Call,299.00,05/08/20,9,2.16,2.18,2.20,2.18,2276,1200,1.9,22.60%,"16:11 ET"
HYG,80.22,Put,77.00,09/18/20,142,3.30,3.43,3.55,3.59,627,332,1.89,26.40%,"14:10 ET"
GDX,34.01,Put,35.00,05/15/20,16,2.00,2.01,2.01,2.41,630,333,1.89,63.66%,"15:33 ET"
GLD,161.68,Put,153.00,05/08/20,9,0.20,0.21,0.22,0.21,509,271,1.88,24.56%,"15:38 ET"
SPY,294.54,Call,301.00,05/08/20,9,1.53,1.55,1.57,1.56,4149,2208,1.88,22.20%,"16:11 ET"
FAS,31.72,Call,31.00,05/01/20,2,1.21,1.3,1.39,1.34,703,376,1.87,95.10%,"16:01 ET"
GLD,161.68,Call,170.00,05/08/20,9,0.29,0.3,0.30,0.31,1846,991,1.86,25.07%,"16:07 ET"
DIA,247.16,Put,245.00,05/01/20,2,1.63,1.69,1.74,1.65,1455,785,1.85,36.44%,"15:56 ET"
XLV,100.73,Put,95.00,06/19/20,51,1.79,1.83,1.87,1.91,1716,930,1.85,29.24%,"12:43 ET"
IWM,136.33,Put,137.00,05/15/20,16,5.04,5.06,5.07,5.12,1524,827,1.84,40.41%,"16:11 ET"
IWM,136.33,Call,135.00,05/08/20,9,3.81,3.84,3.88,3.68,12586,6832,1.84,37.38%,"16:09 ET"
GLD,161.68,Call,160.00,05/08/20,9,2.96,3.01,3.05,3.00,1276,699,1.83,20.58%,"16:04 ET"
TLT,168.53,Call,169.00,05/01/20,2,0.94,0.98,1.01,0.91,591,324,1.82,21.57%,"16:13 ET"
GLD,161.68,Call,162.00,05/08/20,9,1.96,1.97,1.98,1.98,1024,564,1.82,21.23%,"16:07 ET"
QQQ,219.76,Call,222.00,09/18/20,142,14.44,14.52,14.61,14.75,1024,564,1.82,28.42%,"15:59 ET"
SPY,294.54,Call,297.00,06/19/20,51,9.60,9.63,9.65,9.90,11818,6501,1.82,25.27%,"16:06 ET"
XLE,38.85,Call,38.00,05/08/20,9,1.68,1.71,1.73,1.69,719,397,1.81,51.14%,"16:00 ET"
XLV,100.73,Put,85.33,06/19/20,51,0.50,0.53,0.57,0.53,1706,943,1.81,34.47%,"12:57 ET"
SPY,294.54,Put,284.00,05/04/20,5,0.90,0.91,0.92,0.90,3380,1869,1.81,30.41%,"16:11 ET"
SPY,294.54,Call,315.00,06/05/20,37,1.28,1.3,1.31,1.31,744,413,1.8,19.49%,"16:10 ET"
TQQQ,70.18,Put,67.00,05/01/20,2,1.31,1.34,1.37,1.36,1415,787,1.8,131.10%,"15:54 ET"
IWM,136.33,Call,142.00,06/19/20,51,3.93,3.95,3.96,4.20,14319,7949,1.8,32.47%,"16:02 ET"
SPY,294.54,Put,280.00,05/27/20,28,4.63,4.65,4.68,4.62,542,303,1.79,32.18%,"16:11 ET"
TQQQ,70.18,Call,71.00,05/01/20,2,2.02,2.07,2.12,2.12,1202,671,1.79,120.29%,"15:58 ET"
SPY,294.54,Put,293.00,05/06/20,7,3.98,4.01,4.03,3.98,2496,1406,1.78,27.63%,"16:11 ET"
SPY,294.54,Put,286.00,05/01/20,2,0.62,0.63,0.63,0.61,13073,7347,1.78,36.13%,"16:11 ET"
TLT,168.53,Put,168.50,05/01/20,2,1.08,1.13,1.18,1.13,558,316,1.77,24.19%,"16:11 ET"
VXX,36.53,Call,50.00,07/17/20,79,2.98,3.01,3.05,2.93,2013,1138,1.77,100.04%,"14:23 ET"
TQQQ,70.18,Call,80.00,05/08/20,9,0.60,0.62,0.63,0.62,1505,857,1.76,76.04%,"15:58 ET"
SPY,294.54,Put,282.50,05/01/20,2,0.28,0.29,0.29,0.27,3009,1716,1.75,37.48%,"16:10 ET"
FAS,31.72,Call,32.00,05/01/20,2,0.69,0.74,0.79,0.75,891,513,1.74,89.75%,"16:00 ET"
IWM,136.33,Put,123.00,05/29/20,30,1.91,1.92,1.94,1.89,3658,2106,1.74,43.37%,"16:07 ET"
SPY,294.54,Put,268.00,05/13/20,14,1.19,1.2,1.21,1.13,561,324,1.73,38.70%,"16:00 ET"
SPY,294.54,Call,296.00,05/04/20,5,1.96,1.98,1.99,1.96,4129,2385,1.73,20.63%,"16:11 ET"
IWM,136.33,Call,132.00,05/01/20,2,4.38,4.44,4.50,4.22,2048,1191,1.72,37.72%,"16:12 ET"
UDOW,57.47,Call,115.00,09/18/20,142,0.15,0.25,0.35,0.36,500,292,1.71,59.64%,"15:49 ET"
TNA,25.74,Put,24.00,05/01/20,2,0.65,0.68,0.70,0.55,932,545,1.71,158.52%,"16:05 ET"
SPY,294.54,Call,294.00,05/06/20,7,3.73,3.76,3.79,3.80,2580,1525,1.69,23.28%,"16:11 ET"
DIA,247.16,Call,245.00,05/08/20,9,5.85,6,6.15,6.14,544,324,1.68,31.54%,"15:59 ET"
SPY,294.54,Put,274.00,05/06/20,7,0.55,0.56,0.56,0.55,791,471,1.68,36.83%,"16:06 ET"
SPY,294.54,Call,297.00,05/08/20,9,2.95,2.98,3.00,3.07,3099,1849,1.68,23.69%,"16:09 ET"
BJK,32.19,Put,27.00,06/19/20,51,0.70,0.75,0.80,0.80,762,455,1.67,59.61%,"16:10 ET"
XOP,53.6,Call,60.00,06/19/20,51,2.04,2.1,2.16,2.14,1768,1056,1.67,54.64%,"16:03 ET"
SPY,294.54,Put,283.00,05/04/20,5,0.77,0.78,0.79,0.75,1873,1122,1.67,30.51%,"16:10 ET"
GDX,34.01,Call,37.00,05/08/20,9,0.27,0.28,0.28,0.26,1023,615,1.66,55.50%,"16:03 ET"
GDX,34.01,Call,33.50,05/01/20,2,0.88,0.89,0.89,0.83,8313,4998,1.66,59.80%,"16:07 ET"
QQQ,219.76,Put,213.00,05/01/20,2,0.87,0.89,0.90,0.90,5229,3190,1.64,48.45%,"16:07 ET"
VXX,36.53,Call,45.00,05/08/20,9,0.46,0.47,0.48,0.47,1472,905,1.63,117.04%,"15:59 ET"
IWM,136.33,Call,148.00,05/15/20,16,0.41,0.42,0.43,0.50,1755,1077,1.63,32.58%,"15:56 ET"
IWM,136.33,Put,132.00,07/17/20,79,7.50,7.58,7.65,7.54,1486,918,1.62,38.41%,"14:24 ET"
SPY,294.54,Put,291.00,05/15/20,16,5.60,5.62,5.63,5.63,6133,3783,1.62,29.00%,"16:11 ET"
SPY,294.54,Call,297.50,05/01/20,2,0.92,0.93,0.94,0.84,6897,4296,1.61,24.68%,"16:11 ET"
SDOW,30.43,Call,30.00,05/15/20,16,2.50,2.63,2.75,2.55,600,374,1.6,88.44%,"16:04 ET"
IWM,136.33,Call,134.50,05/01/20,2,2.67,2.7,2.73,3.21,952,596,1.6,60.69%,"15:59 ET"
QQQ,219.76,Put,217.00,09/18/20,142,15.43,15.5,15.56,15.31,1944,1212,1.6,31.31%,"15:52 ET"
SPY,294.54,Put,259.00,05/29/20,30,2.11,2.13,2.15,2.12,707,446,1.59,40.04%,"16:07 ET"
SPY,294.54,Put,293.00,05/29/20,30,8.47,8.5,8.53,8.58,1212,761,1.59,27.42%,"16:11 ET"
VXX,36.53,Put,36.00,05/08/20,9,1.71,1.73,1.75,1.77,586,372,1.58,88.44%,"15:45 ET"
IWM,136.33,Call,150.00,07/17/20,79,2.41,2.46,2.50,2.41,2327,1473,1.58,27.59%,"16:11 ET"
SPY,294.54,Call,292.00,05/29/20,30,9.55,9.59,9.62,9.83,691,441,1.57,25.84%,"14:54 ET"
XLF,23.51,Call,24.50,05/15/20,16,0.25,0.26,0.27,0.27,962,613,1.57,31.12%,"15:49 ET"
SPY,294.54,Call,295.00,11/20/20,205,22.29,22.6,22.90,22.82,650,418,1.56,25.50%,"16:05 ET"
SPY,294.54,Call,298.00,05/11/20,12,2.85,2.88,2.91,3.00,988,632,1.56,21.96%,"16:07 ET"
GLD,161.68,Call,159.00,05/01/20,2,3.00,3.05,3.10,2.93,1465,939,1.56,25.33%,"15:59 ET"
SPY,294.54,Put,215.00,05/22/20,23,0.26,0.27,0.27,0.27,3143,2013,1.56,60.46%,"16:09 ET"
SPY,294.54,Put,280.00,05/22/20,23,4.16,4.18,4.19,4.15,5020,3218,1.56,33.52%,"16:11 ET"
SPY,294.54,Put,267.00,05/11/20,12,0.76,0.77,0.78,0.77,580,375,1.55,38.86%,"16:10 ET"
QQQ,219.76,Put,220.00,05/01/20,2,2.99,3.03,3.06,3.12,2657,1712,1.55,42.94%,"16:07 ET"
SPY,294.54,Call,295.00,05/08/20,9,3.89,3.93,3.96,3.93,12659,8166,1.55,23.78%,"16:11 ET"
QQQ,219.76,Put,220.00,05/08/20,9,4.62,4.66,4.70,4.75,731,476,1.54,32.32%,"16:07 ET"
SPY,294.54,Call,295.00,05/06/20,7,3.23,3.25,3.27,3.21,3077,2004,1.54,22.57%,"16:11 ET"
EWJ,53.38,Put,50.00,06/19/20,51,0.85,0.87,0.88,0.88,3645,2364,1.54,28.42%,"14:53 ET"
NUGT,69.67,Call,70.00,05/01/20,2,2.22,2.24,2.25,2.25,611,400,1.53,150.04%,"16:03 ET"
GDX,34.01,Call,33.50,05/08/20,9,1.41,1.42,1.42,1.35,753,492,1.53,53.15%,"16:06 ET"
XLE,38.85,Call,41.71,05/15/20,16,0.41,0.42,0.43,0.43,818,536,1.53,42.53%,"16:03 ET"
XLV,100.73,Put,97.00,05/15/20,16,0.77,0.79,0.81,0.90,2506,1639,1.53,28.58%,"14:54 ET"
QQQ,219.76,Call,222.00,05/01/20,2,1.40,1.42,1.44,1.30,3040,1983,1.53,36.74%,"16:07 ET"
SPY,294.54,Put,294.00,05/15/20,16,6.71,6.73,6.75,6.69,5986,3918,1.53,27.51%,"16:11 ET"
IWM,136.33,Put,100.00,07/17/20,79,1.10,1.12,1.13,1.06,25963,16939,1.53,48.98%,"16:05 ET"
IWM,136.33,Put,125.00,05/29/20,30,2.28,2.3,2.33,2.31,846,558,1.52,42.75%,"16:07 ET"
SPXS,9.76,Call,14.00,07/17/20,79,0.95,1,1.05,0.97,1191,786,1.52,116.67%,"15:45 ET"
SPY,294.54,Call,299.00,05/11/20,12,2.45,2.48,2.50,2.55,1273,838,1.52,21.43%,"16:09 ET"
QQQ,219.76,Call,217.50,05/01/20,2,3.76,3.8,3.85,3.64,1957,1288,1.52,40.45%,"16:07 ET"
EMB,100.51,Put,80.00,06/19/20,51,0.30,0.53,0.75,0.61,625,418,1.5,45.35%,"12:38 ET"
SPY,294.54,Put,293.00,05/15/20,16,6.22,6.23,6.23,6.30,8992,5984,1.5,27.94%,"16:11 ET"
QQQ,219.76,Call,219.00,05/08/20,9,4.52,4.56,4.60,4.51,649,437,1.49,31.36%,"16:05 ET"
SPY,294.54,Put,289.00,05/06/20,7,2.55,2.57,2.59,2.61,728,489,1.49,29.23%,"16:10 ET"
TNA,25.74,Call,24.00,05/01/20,2,1.85,1.88,1.90,1.92,835,560,1.49,132.38%,"16:13 ET"
IWM,136.33,Call,153.00,06/19/20,51,0.97,0.98,0.99,1.06,1011,677,1.49,28.47%,"15:34 ET"
SPY,294.54,Put,287.00,11/20/20,205,22.77,22.99,23.21,22.63,1091,733,1.49,31.09%,"14:12 ET"
SQQQ,11.49,Call,12.00,05/15/20,16,0.70,0.73,0.75,0.75,2437,1639,1.49,99.78%,"15:49 ET"
TLT,168.53,Put,167.00,05/01/20,2,0.50,0.52,0.54,0.58,974,657,1.48,24.90%,"16:05 ET"
SLV,14.32,Put,13.50,05/22/20,23,0.22,0.23,0.23,0.23,1466,989,1.48,38.93%,"16:10 ET"
SLV,14.32,Call,15.50,05/22/20,23,0.19,0.2,0.20,0.16,1108,752,1.47,38.02%,"15:48 ET"
UVXY,39.86,Put,25.00,09/18/20,142,4.75,4.93,5.10,5.07,1217,828,1.47,143.62%,"13:56 ET"
XLF,23.51,Put,23.00,05/01/20,2,0.11,0.11,0.12,0.12,1459,990,1.47,47.99%,"16:00 ET"
XLF,23.51,Call,23.50,05/15/20,16,0.69,0.7,0.71,0.69,2385,1623,1.47,32.98%,"16:03 ET"
IWM,136.33,Put,117.00,06/19/20,51,2.19,2.21,2.22,2.27,6698,4560,1.47,46.20%,"16:11 ET"
SPXS,9.76,Call,9.00,05/15/20,16,1.05,1.1,1.15,1.10,4529,3107,1.46,76.43%,"16:10 ET"
IWM,136.33,Put,126.00,05/01/20,2,0.16,0.17,0.17,0.19,5685,3895,1.46,68.05%,"16:11 ET"
XOP,53.6,Call,52.00,05/01/20,2,2.30,2.32,2.33,2.33,927,639,1.45,87.23%,"16:01 ET"
IWM,136.33,Call,145.00,06/05/20,37,2.05,2.08,2.11,2.29,831,576,1.44,31.77%,"15:50 ET"
IWM,136.33,Call,134.00,05/08/20,9,4.40,4.44,4.48,4.26,1473,1024,1.44,37.61%,"16:09 ET"
UVXY,39.86,Put,35.00,05/01/20,2,0.19,0.21,0.22,0.20,4315,2991,1.44,143.40%,"16:15 ET"
TQQQ,70.18,Call,70.00,05/01/20,2,2.60,2.65,2.70,2.62,5705,3972,1.44,122.11%,"15:58 ET"
TQQQ,70.18,Put,66.50,05/01/20,2,1.18,1.21,1.25,1.25,697,487,1.43,133.97%,"15:42 ET"
TQQQ,70.18,Put,64.50,05/01/20,2,0.79,0.81,0.83,0.79,731,516,1.42,138.20%,"15:58 ET"
SPY,294.54,Put,290.00,11/20/20,205,23.87,24.11,24.34,24.11,1058,746,1.42,31.06%,"16:07 ET"
IWM,136.33,Call,140.00,05/01/20,2,0.47,0.48,0.48,0.44,63099,44304,1.42,43.70%,"16:12 ET"
JETS,15.58,Call,17.00,05/15/20,16,0.25,0.28,0.30,0.30,547,389,1.41,59.82%,"15:58 ET"
XLK,92.06,Call,92.00,05/15/20,16,2.54,2.58,2.62,2.61,1182,837,1.41,33.46%,"16:02 ET"
TNA,25.74,Call,25.00,05/01/20,2,1.24,1.31,1.37,1.30,1339,955,1.4,135.71%,"16:13 ET"
TQQQ,70.18,Call,72.00,05/01/20,2,1.59,1.64,1.69,1.65,2300,1645,1.4,116.82%,"15:57 ET"
SPY,294.54,Call,291.00,05/04/20,5,4.69,4.71,4.73,4.78,3619,2590,1.4,22.23%,"16:10 ET"
SPY,294.54,Call,302.00,05/08/20,9,1.27,1.29,1.31,1.29,2709,1946,1.39,21.93%,"16:11 ET"
SPY,294.54,Call,305.00,05/06/20,7,0.40,0.41,0.42,0.41,2990,2156,1.39,20.70%,"16:11 ET"
UGA,12.2,Put,12.00,05/15/20,16,0.90,0.98,1.05,1.00,522,377,1.38,109.11%,"15:09 ET"
SPY,294.54,Call,296.00,05/11/20,12,3.77,3.8,3.82,3.76,573,417,1.37,21.82%,"16:11 ET"
SPY,294.54,Call,296.00,05/06/20,7,2.75,2.78,2.80,2.77,1097,800,1.37,22.51%,"16:11 ET"
SPXL,37.31,Call,37.00,05/15/20,16,2.35,2.4,2.45,2.40,1517,1110,1.37,75.36%,"16:10 ET"
SPY,294.54,Put,290.00,05/22/20,23,6.49,6.52,6.54,6.60,881,647,1.36,29.19%,"16:11 ET"
SPY,294.54,Put,280.00,05/11/20,12,1.94,1.96,1.98,1.96,1738,1277,1.36,32.80%,"16:11 ET"
TLT,168.53,Put,168.00,05/01/20,2,0.85,0.88,0.91,0.89,2051,1508,1.36,23.89%,"16:13 ET"
IWM,136.33,Call,144.00,06/19/20,51,3.17,3.19,3.20,3.07,3577,2637,1.36,29.83%,"16:11 ET"
SPY,294.54,Call,300.00,05/06/20,7,1.30,1.32,1.34,1.33,4715,3471,1.36,21.58%,"16:11 ET"
SPY,294.54,Call,294.00,05/15/20,16,6.03,6.05,6.06,6.02,10937,8058,1.36,24.27%,"16:11 ET"
SPY,294.54,Put,245.00,06/05/20,37,1.61,1.63,1.64,1.62,544,404,1.35,43.62%,"16:06 ET"
IWM,136.33,Call,133.50,05/01/20,2,3.34,3.37,3.40,3.16,619,457,1.35,41.83%,"16:12 ET"
GLD,161.68,Call,190.00,12/18/20,233,4.30,4.35,4.40,4.30,3607,2662,1.35,24.79%,"15:57 ET"
IWM,136.33,Call,135.00,05/01/20,2,2.39,2.41,2.43,2.28,6859,5070,1.35,44.28%,"16:09 ET"
SPY,294.54,Put,280.00,05/04/20,5,0.49,0.5,0.51,0.50,7663,5661,1.35,32.27%,"16:11 ET"
GDX,34.01,Call,35.00,05/01/20,2,0.22,0.23,0.23,0.21,12335,9111,1.35,59.11%,"16:07 ET"
IWM,136.33,Call,143.00,06/19/20,51,3.53,3.55,3.57,3.50,844,632,1.34,30.52%,"16:12 ET"
TLT,168.53,Put,165.00,05/01/20,2,0.18,0.2,0.21,0.18,1999,1497,1.34,25.02%,"16:12 ET"
QQQ,219.76,Put,216.00,12/18/20,233,19.48,19.63,19.78,20.13,1266,953,1.33,32.70%,"10:38 ET"
SPY,294.54,Call,302.00,05/06/20,7,0.84,0.86,0.87,0.90,1343,1010,1.33,21.54%,"16:08 ET"
GLD,161.68,Put,159.00,05/01/20,2,0.35,0.36,0.37,0.37,1550,1163,1.33,26.85%,"16:06 ET"
GDX,34.01,Call,33.00,05/01/20,2,1.22,1.24,1.26,1.24,1772,1337,1.33,69.04%,"16:04 ET"
GDX,34.01,Put,33.50,05/15/20,16,1.19,1.2,1.21,1.19,788,595,1.32,49.68%,"16:03 ET"
SPXS,9.76,Call,9.00,07/17/20,79,1.85,1.93,2.00,1.95,649,496,1.31,86.08%,"16:08 ET"
SPY,294.54,Call,302.00,06/19/20,51,6.89,6.92,6.94,7.01,6535,4975,1.31,23.30%,"16:10 ET"
SPY,294.54,Put,290.00,05/15/20,16,5.19,5.2,5.21,5.28,28259,21600,1.31,29.34%,"16:11 ET"
GLD,161.68,Call,161.00,05/08/20,9,2.45,2.47,2.49,2.42,574,443,1.3,20.59%,"16:07 ET"
TQQQ,70.18,Put,59.00,05/01/20,2,0.21,0.23,0.25,0.24,597,459,1.3,159.83%,"15:48 ET"
GLD,161.68,Put,160.00,05/08/20,9,1.32,1.33,1.33,1.37,635,488,1.3,20.76%,"16:05 ET"
SPY,294.54,Call,297.00,05/06/20,7,2.31,2.34,2.36,2.45,945,727,1.3,22.95%,"16:07 ET"
SPY,294.54,Call,299.00,05/06/20,7,1.68,1.69,1.71,1.63,1049,808,1.3,21.84%,"16:11 ET"
IWM,136.33,Put,135.00,07/17/20,79,8.59,8.66,8.72,8.68,1257,967,1.3,37.11%,"16:08 ET"
SPY,294.54,Call,306.00,05/04/20,5,0.13,0.14,0.14,0.12,1144,888,1.29,19.80%,"16:11 ET"
SPY,294.54,Put,287.50,05/01/20,2,0.80,0.81,0.82,0.83,6139,4745,1.29,35.32%,"16:11 ET"
VXX,36.53,Put,36.50,05/01/20,2,1.00,1.02,1.03,0.99,1084,848,1.28,91.07%,"16:02 ET"
SPY,294.54,Put,287.00,05/29/20,30,6.66,6.69,6.71,6.67,1369,1071,1.28,29.75%,"16:08 ET"
TQQQ,70.18,Call,75.00,05/01/20,2,0.64,0.66,0.68,0.65,4037,3158,1.28,107.29%,"15:58 ET"
SPY,294.54,Put,282.00,05/01/20,2,0.25,0.26,0.26,0.26,7843,6115,1.28,38.41%,"16:11 ET"
SPY,294.54,Put,290.00,12/17/21,597,35.48,35.92,36.35,35.44,8328,6514,1.28,27.29%,"15:36 ET"
IWM,136.33,Put,129.00,05/15/20,16,2.13,2.14,2.15,2.20,9104,7096,1.28,44.58%,"16:11 ET"
SDS,22.27,Put,22.00,05/01/20,2,0.20,0.21,0.22,0.30,582,457,1.27,69.38%,"15:42 ET"
HYG,80.22,Put,79.00,05/01/20,2,0.24,0.26,0.27,0.28,844,665,1.27,29.97%,"15:24 ET"
QQQ,219.76,Call,216.00,05/08/20,9,6.45,6.52,6.58,6.30,2348,1848,1.27,32.20%,"16:06 ET"
SPY,294.54,Call,285.00,04/29/20,0,8.32,8.36,8.40,8.37,44346,35257,1.26,0.00%,"16:11 ET"
SPY,294.54,Put,75.00,12/17/21,597,0.32,0.49,0.66,0.50,500,399,1.25,50.23%,"11:00 ET"
SPY,294.54,Put,297.00,05/15/20,16,8.08,8.11,8.13,8.10,3216,2564,1.25,26.60%,"16:11 ET"
SPY,294.54,Put,286.00,05/08/20,9,2.61,2.63,2.65,2.63,5033,4032,1.25,31.87%,"16:11 ET"
SQQQ,11.49,Call,11.50,05/01/20,2,0.40,0.43,0.45,0.45,608,489,1.24,132.45%,"15:56 ET"
SPY,294.54,Put,288.00,05/15/20,16,4.63,4.64,4.64,4.70,7907,6381,1.24,30.29%,"16:11 ET"
"Downloaded from Barchart.com as of 04-29-2020 03:26pm CDT"
